sched,load_mbps,seed,n_pkts,mean_ms,p50_ms,p90_ms,p99_ms,p999_ms,max_ms,tput_mbps,avg_co0_ap,avg_co1_ap
1,20.0000,1,60000,0.1044,0.0870,0.1340,0.1360,0.5250,0.6240,20.0000,0.1508,0.1590
1,30.0000,1,90226,0.1136,0.0900,0.1500,0.2700,0.4556,0.6440,30.0753,0.2278,0.2356
1,270.0000,1,827572,0.4297,0.4163,0.5698,0.8323,1.0774,1.6469,275.8573,0.7177,0.7150
1,250.0000,1,749986,0.3944,0.3813,0.5327,0.7756,0.9850,1.4730,249.9953,0.6956,0.6932
1,120.0000,1,363634,0.2798,0.2694,0.4144,0.5946,0.7343,1.0890,121.2113,0.5747,0.5773
1,220.0000,1,666657,0.3624,0.3499,0.4994,0.7256,0.9186,1.4960,222.2190,0.6714,0.6696
1,70.0000,1,210525,0.2265,0.2140,0.3560,0.5056,0.6444,0.9596,70.1750,0.4626,0.4694
1,130.0000,1,393438,0.2866,0.2761,0.4220,0.6070,0.7550,1.1180,131.1460,0.5865,0.5882
1,170.0000,1,510633,0.3141,0.3030,0.4494,0.6477,0.8196,1.1776,170.2110,0.6245,0.6242
1,190.0000,1,571420,0.3312,0.3198,0.4664,0.6760,0.8456,1.2486,190.4733,0.6429,0.6417
1,180.0000,1,545449,0.3235,0.3120,0.4586,0.6656,0.8406,1.1836,181.8163,0.6351,0.6345
1,280.0000,1,857132,0.4446,0.4306,0.5859,0.8593,1.1107,1.7501,285.7107,0.7264,0.7236
1,240.0000,1,727261,0.3851,0.3725,0.5230,0.7606,0.9660,1.4443,242.4203,0.6891,0.6869
1,40.0000,1,120000,0.1543,0.1330,0.2650,0.3886,0.5340,0.8626,40.0000,0.3005,0.3087
1,50.0000,1,149999,0.1841,0.1580,0.3064,0.4340,0.5640,0.9346,49.9997,0.3637,0.3722
1,160.0000,1,479995,0.3067,0.2955,0.4420,0.6380,0.8021,1.2287,159.9983,0.6147,0.6150
1,100.0000,1,299997,0.2638,0.2534,0.3974,0.5650,0.7056,1.0416,99.9990,0.5436,0.5479
1,260.0000,1,799984,0.4166,0.4032,0.5560,0.8093,1.0405,1.5716,266.6613,0.7097,0.7073
1,230.0000,1,705873,0.3768,0.3642,0.5144,0.7476,0.9526,1.4011,235.2910,0.6825,0.6806
1,290.0000,1,888871,0.4615,0.4470,0.6030,0.8902,1.1606,2.1458,296.2903,0.7354,0.7325
1,200.0000,1,599992,0.3399,0.3285,0.4756,0.6863,0.8625,1.3586,199.9973,0.6514,0.6501
1,150.0000,1,452827,0.2999,0.2890,0.4354,0.6286,0.7780,1.1086,150.9423,0.6065,0.6071
1,140.0000,1,421049,0.2927,0.2820,0.4280,0.6170,0.7746,1.1136,140.3497,0.5960,0.5972
1,90.0000,1,272725,0.2550,0.2454,0.3884,0.5506,0.6766,1.1246,90.9083,0.5250,0.5304
1,210.0000,1,631566,0.3502,0.3385,0.4865,0.7033,0.8890,1.2600,210.5220,0.6608,0.6592
1,60.0000,1,180449,0.2070,0.1970,0.3360,0.4686,0.5920,0.8966,60.1497,0.4189,0.4264
1,110.0000,1,333329,0.2727,0.2621,0.4080,0.5836,0.7270,1.1106,111.1097,0.5614,0.5648
1,80.0000,1,239998,0.2422,0.2320,0.3740,0.5280,0.6646,0.9986,79.9993,0.4965,0.5027
1,500.0000,1,1433383,7.1665,8.4432,8.8592,9.3175,31.1792,33.4332,477.7943,0.8892,0.8859
1,310.0000,1,959983,0.5054,0.4899,0.6504,0.9666,1.2929,2.2346,319.9943,0.7550,0.7521
1,300.0000,1,923059,0.4818,0.4670,0.6250,0.9216,1.2253,1.8680,307.6863,0.7449,0.7418
1,410.0000,1,1263114,0.8354,0.7875,0.9978,1.5881,8.9978,10.6610,421.0380,0.8389,0.8354
1,460.0000,1,1409904,1.3815,1.1766,1.5614,2.4703,30.9222,32.2586,469.9680,0.8830,0.8797
1,490.0000,1,1433383,7.1665,8.4432,8.8592,9.3175,31.1792,33.4332,477.7943,0.8892,0.8859
1,390.0000,1,1199963,0.7286,0.7011,0.8920,1.3897,3.4829,4.7343,399.9877,0.8214,0.8180
1,430.0000,1,1333201,1.0588,0.9301,1.1664,1.9396,26.0489,30.0386,444.4003,0.8604,0.8571
1,380.0000,1,1142829,0.6606,0.6381,0.8190,1.2605,2.5260,3.4749,380.9430,0.8055,0.8022
1,320.0000,1,959983,0.5054,0.4899,0.6504,0.9666,1.2929,2.2346,319.9943,0.7550,0.7521
1,350.0000,1,1090884,0.6076,0.5879,0.7618,1.1630,1.9447,3.0289,363.6280,0.7915,0.7882
1,330.0000,1,999975,0.5330,0.5162,0.6804,1.0123,1.4336,2.5510,333.3250,0.7662,0.7631
1,450.0000,1,1409904,1.3815,1.1766,1.5614,2.4703,30.9222,32.2586,469.9680,0.8830,0.8797
1,340.0000,1,1043455,0.5661,0.5485,0.7167,1.0795,1.6000,2.7034,347.8183,0.7783,0.7752
1,470.0000,1,1409904,1.3815,1.1766,1.5614,2.4703,30.9222,32.2586,469.9680,0.8830,0.8797
1,370.0000,1,1142829,0.6606,0.6381,0.8190,1.2605,2.5260,3.4749,380.9430,0.8055,0.8022
1,420.0000,1,1263114,0.8354,0.7875,0.9978,1.5881,8.9978,10.6610,421.0380,0.8389,0.8354
1,480.0000,1,1433383,7.1665,8.4432,8.8592,9.3175,31.1792,33.4332,477.7943,0.8892,0.8859
1,440.0000,1,1333201,1.0588,0.9301,1.1664,1.9396,26.0489,30.0386,444.4003,0.8604,0.8571
1,400.0000,1,1199963,0.7286,0.7011,0.8920,1.3897,3.4829,4.7343,399.9877,0.8214,0.8180
1,360.0000,1,1090884,0.6076,0.5879,0.7618,1.1630,1.9447,3.0289,363.6280,0.7915,0.7882
1,600.0000,1,1432483,7.3436,8.6295,9.0391,9.4863,31.7571,33.6719,477.4943,0.8888,0.8856
1,600.0000,1,1432483,7.3436,8.6295,9.0391,9.4863,31.7571,33.6719,477.4943,0.8888,0.8856
1,700.0000,1,1433383,7.4102,8.7187,9.1258,9.6455,31.4282,33.4799,477.7943,0.8890,0.8859
